{"canvasView":{"canvasRectTf":{"instanceID":18612},"viewAngleZ":180.0},"cameraDatas":[{"cTf":{"instanceID":18862},"camSize":0.0,"positionX":0.0010000035399571062,"positionY":1.7980279922485352,"positionZ":-3.1179563999176027},{"cTf":{"instanceID":18704},"camSize":0.0,"positionX":-3.3699381351470949,"positionY":1.7470256090164185,"positionZ":-0.14700011909008027},{"cTf":{"instanceID":19112},"camSize":0.0,"positionX":3.3699381351470949,"positionY":1.7470256090164185,"positionZ":-0.14700011909008027}],"level":0.40000009536743166,"campos":0}